first_name,last_name,city,state,country,email,uuid,username
Georgia,Kim,Independence,Utah,United States,georgia.kim@example.com,57ff316d-78de-48b1-8c26-2143720aecb4,happycat187
Juan,Mckinney,Honolulu,Maryland,United States,juan.mckinney@example.com,a4e42728-dfa6-48f0-8ea0-88489539662c,ticklishkoala347
Sebastian,Taylor,Oxnard,Arizona,United States,sebastian.taylor@example.com,383283d7-4b0b-41be-a97a-798003d2ba90,tinyfrog794
Frances,White,Des Moines,Washington,United States,frances.white@example.com,1161ec66-b4de-4391-a0e0-31e49e33e4c2,bigrabbit628
Minnie,Simpson,Allentown,North Carolina,United States,minnie.simpson@example.com,39fc3b7c-6553-411a-b771-edc3725e4bce,sadpanda386
Felicia,Harvey,Mesquite,Florida,United States,felicia.harvey@example.com,733f3e52-dc74-4d3e-b1c9-dfdd0dbe7eb9,greenbird249
Greg,Meyer,Desoto,North Dakota,United States,greg.meyer@example.com,e9098869-efa7-43dc-b972-dbd72b60a888,tinypanda581
Mia,Kim,Desoto,Maryland,United States,mia.kim@example.com,06bc5bb5-1cf3-4ab7-949c-bac6dceb8cee,sadsnake925
Lucas,Hunter,Anaheim,Illinois,United States,lucas.hunter@example.com,7e1e6acf-f569-4540-8247-72375c785025,tinyfish581
Rodney,Garrett,Lowell,South Carolina,United States,rodney.garrett@example.com,7d1ac545-ed85-4b76-82ce-6e27928fb0a3,yellowgorilla414
Marion,Watkins,Waterbury,Montana,United States,marion.watkins@example.com,f0b3a1fa-a78f-4da6-ab8f-48f3adc1c4d2,heavysnake251
Jorge,Taylor,Newport News,Washington,United States,jorge.taylor@example.com,6a9d9fdc-b3ad-4f53-8afa-b7ef18368699,bigzebra177
Glenda,Mckinney,Princeton,Nebraska,United States,glenda.mckinney@example.com,bfedbcef-df71-49fd-9c31-21fbe7352a39,lazylion269
Tanya,West,Brownsville,Tennessee,United States,tanya.west@example.com,31cb6833-a734-4e03-b54b-e326aee48d3f,whitegorilla502
Jose,Fleming,Nampa,New Jersey,United States,jose.fleming@example.com,8e7c9c7f-4b7a-419a-b918-e2d7aa4917d4,tinybutterfly985
Elizabeth,Henderson,Atlanta,Georgia,United States,elizabeth.henderson@example.com,98c148d0-5edf-47f6-9819-22b7fe20835c,redbutterfly745
William,Murray,Escondido,Georgia,United States,william.murray@example.com,4836ff4f-7bd1-4452-86af-2b4f808e748e,purplegorilla337
Nellie,Thompson,Roseville,Idaho,United States,nellie.thompson@example.com,a6d22767-ac43-4d1b-b7e2-7bc5f92b5acf,angrycat114
Mildred,Bowman,Provo,Washington,United States,mildred.bowman@example.com,50f118e5-439e-41ca-9453-ad31f17d3b43,yellowzebra292
Renee,Campbell,Alexandria,Texas,United States,renee.campbell@example.com,1aa72d46-5b23-4d10-9559-506c59b59faf,angryzebra327
Marlene,Lee,Berkeley,Missouri,United States,marlene.lee@example.com,8e491569-5ee8-4936-b7a8-1ce88e1929c9,ticklishlion466
Ella,Reyes,Salt Lake City,Nevada,United States,ella.reyes@example.com,fe8be471-6000-4329-aff1-631dd1ec4ba2,yellowgoose722
Ricky,Mendoza,Oakland,Kentucky,United States,ricky.mendoza@example.com,f675783d-e3f0-4330-ae90-6d563f10e19d,orangerabbit831
Alvin,Davis,Cleveland,Tennessee,United States,alvin.davis@example.com,0c578379-4991-4f8a-baca-73e1f383c9fe,redmeercat968
Daniel,Rhodes,Chicago,Connecticut,United States,daniel.rhodes@example.com,81e3054d-848b-4dba-b25f-423feb46c39e,yellowduck871
Darlene,Stanley,Van Alstyne,South Carolina,United States,darlene.stanley@example.com,e45da252-8da1-4b83-ae6f-7085ba221c9f,ticklishfish564
Carl,Hicks,Downey,Illinois,United States,carl.hicks@example.com,f4c0d77a-14da-411f-a683-4375bc23b1ba,silverbear891
Manuel,Cook,Richmond,Rhode Island,United States,manuel.cook@example.com,49058d4d-c30d-49a8-a9f0-d6b04b3b9133,ticklishbird827
Guy,Frazier,Miami,Missouri,United States,guy.frazier@example.com,debef7c2-c338-43c0-b0b8-a020bded613c,bluepeacock308
Kenneth,Wilson,Mobile,Delaware,United States,kenneth.wilson@example.com,6d8ea638-4bcf-412c-b5b0-d0e4ab12ca0b,smallgoose538
Leta,Lopez,Toledo,North Dakota,United States,leta.lopez@example.com,d5c93139-5ff3-4214-a1e0-f5d947b377e9,ticklishgorilla662
Peggy,Hanson,Hayward,Oklahoma,United States,peggy.hanson@example.com,08803171-293e-4cc1-beee-0d1c4bee2091,orangeleopard491
Genesis,Little,Tulsa,New Jersey,United States,genesis.little@example.com,412d001d-6eed-4bff-b434-32bd47f7e905,angryfrog351
Roberto,Bell,Santa Clara,New Jersey,United States,roberto.bell@example.com,6ca85d82-1708-49b1-b993-1d867c1603b5,organicmouse498
Anita,Gordon,New York,North Carolina,United States,anita.gordon@example.com,636f9945-7c44-4462-9405-e0dac4b3ea4c,lazyfrog445
Annette,Baker,Allentown,Washington,United States,annette.baker@example.com,deb931e8-ff6b-49cf-b360-2e5d4d69bfd3,orangebear512
Sebastian,Ortiz,Lakewood,Idaho,United States,sebastian.ortiz@example.com,895d97e9-0f4b-40c9-b679-5e13d0294978,smallbutterfly521
Oscar,Carr,Dumas,Massachusetts,United States,oscar.carr@example.com,e3023177-069f-45cf-8c86-2efdd0e5889c,angryfrog334
Charlie,Howard,Houston,Maine,United States,charlie.howard@example.com,20320c2d-062e-4ebd-88ca-9fe2ad4ce061,orangekoala834
George,Arnold,Caldwell,Louisiana,United States,george.arnold@example.com,a87dcfbe-017c-4cf4-a3fd-de53b236225a,lazyswan688
Jean,Barrett,Escondido,Connecticut,United States,jean.barrett@example.com,601d7cf3-d74f-4fa8-aaaf-5984628ea925,sadduck402
Tom,Reed,Cape Fear,Indiana,United States,tom.reed@example.com,e630393b-a93d-4f62-9ec4-d7a30bae9d48,orangecat689
Gerald,Rivera,Vallejo,New Jersey,United States,gerald.rivera@example.com,2e2db235-fa5f-4ebc-a7e5-68e3647e7cb2,whitecat282
Deanna,Anderson,Tempe,Idaho,United States,deanna.anderson@example.com,6bac3348-2b73-4529-9c0e-4165870f50f1,lazyleopard674
Rodney,Elliott,Fort Collins,North Dakota,United States,rodney.elliott@example.com,241fe7d9-6972-4df7-a2c4-2a2ea0bc46e4,orangemeercat367
Derek,Steeves,Carlsbad,Wyoming,United States,derek.steeves@example.com,b24cd1c3-f50b-4d90-b4de-065231f7eaa0,organicswan769
Camila,Howard,Aubrey,Missouri,United States,camila.howard@example.com,3d090ca4-64a0-4387-a496-040ee32b3849,happyleopard260
Kim,Perkins,Coral Springs,Iowa,United States,kim.perkins@example.com,891ad75d-fc04-4d11-8d22-1e291502d39f,lazymouse897
Lydia,Williamson,Bellevue,Vermont,United States,lydia.williamson@example.com,692a67d9-087d-44c5-b605-cc5ee0621312,orangeostrich504
Barry,Ruiz,Van Alstyne,North Carolina,United States,barry.ruiz@example.com,0cffbe84-7929-4a2e-9f98-2736ea853569,ticklishsnake896
Neil,Thomas,Riverside,Texas,United States,neil.thomas@example.com,4ed6a8b8-0c55-4c5b-b919-5af3923b1bed,brownrabbit512
Philip,Alexander,Cedar Hill,Ohio,United States,philip.alexander@example.com,019d39c5-d6a2-46be-9a34-ecc1b886ca05,crazyladybug735
Melissa,Nichols,Lafayette,Illinois,United States,melissa.nichols@example.com,264b45a5-baa8-4ca5-ba24-92d71c22f584,smallrabbit931
Kay,Ryan,Topeka,Virginia,United States,kay.ryan@example.com,ce95bc8e-6485-4705-83ef-53b9a9beafe0,crazygoose125
Leslie,Mitchelle,Cleveland,New Jersey,United States,leslie.mitchelle@example.com,3a39b76c-36df-4b5f-95d0-f0ac9feeb823,lazyleopard913
Lee,Mitchelle,North Charleston,Connecticut,United States,lee.mitchelle@example.com,d9a77900-93f9-4971-a4e0-87889b02c580,blackbear685
Joshua,Berry,Port St. Lucie,New York,United States,joshua.berry@example.com,d4d2c053-9909-4a59-bb2b-e1b0746dd001,crazygoose121
Theresa,Burke,Duncanville,Oklahoma,United States,theresa.burke@example.com,2e91ae73-58bb-4c6d-b477-6ef89a5f00d0,yellowgorilla670
Doris,Torres,Midland,Utah,United States,doris.torres@example.com,0e50539a-ccdf-4807-b500-6206b73ab6a3,crazymeercat737
Dave,Craig,Salt Lake City,Utah,United States,dave.craig@example.com,adc53f74-0f41-4da1-bda7-f073ea984ba7,angrybutterfly257
Brandie,Sullivan,Seagoville,South Carolina,United States,brandie.sullivan@example.com,c17f4f1c-168a-4fbe-a685-b87e095c8d63,sadzebra414
Brent,Wells,Palm Bay,South Dakota,United States,brent.wells@example.com,5c63b2f1-0368-4167-9899-27054843cfeb,whitegorilla905
Juanita,Jenkins,Bozeman,Colorado,United States,juanita.jenkins@example.com,aae47fea-e138-4d80-ace8-c268b7260f16,sadbear751
Glenda,Brewer,Tucson,Michigan,United States,glenda.brewer@example.com,fee55f23-d86d-4181-aafb-c89f7f84c62b,sadleopard142
Heidi,Bates,Louisville,Tennessee,United States,heidi.bates@example.com,18a8c2af-ad64-4260-9231-57cde2ddd208,goldenpanda792
Allison,Webb,Belen,Tennessee,United States,allison.webb@example.com,9955ab1e-4432-4f7f-918e-acd6b3995851,ticklishmeercat543
Jeanette,Beck,Chesapeake,New Mexico,United States,jeanette.beck@example.com,e7066874-1d12-4ae1-8bf1-b35ad199f8cd,ticklishmeercat456
Ricky,Franklin,Dayton,Minnesota,United States,ricky.franklin@example.com,ad2446a4-e88f-42a3-9c3a-bad0ebcd524a,yellowduck476
Tanya,Brown,Cedar Rapids,South Dakota,United States,tanya.brown@example.com,5895cd58-2a3a-4170-8e9b-03b9e99f23e8,sadsnake497
Savannah,Flores,San Bernardino,Oregon,United States,savannah.flores@example.com,23860964-7846-4c8f-ae97-c007f4566e23,purplekoala200
Francisco,Chavez,Lousville,Louisiana,United States,francisco.chavez@example.com,e00a9e3d-bfbb-4e0a-8e32-e50d0896ecf6,redladybug348
Zoe,Warren,Duncanville,Arizona,United States,zoe.warren@example.com,031a4e3c-2d6a-4959-9a88-ac08cfe0937b,browngorilla541
Walter,Evans,Bueblo,New Mexico,United States,walter.evans@example.com,a3ca4a33-b77f-46c8-ae67-c2d3c815ad41,heavymouse439
Connor,Hernandez,Everett,Rhode Island,United States,connor.hernandez@example.com,f8309894-5278-42ef-a690-a62e4fb97e06,blackmouse410
Tammy,Payne,Ann Arbor,Mississippi,United States,tammy.payne@example.com,5dcef5c4-23d8-4182-bbe6-f0a85799db2e,smallpanda232
Jacqueline,Nelson,Tacoma,Mississippi,United States,jacqueline.nelson@example.com,bafcc839-fa6f-4a2f-b692-91ae8a8564a2,organicgoose295
Daryl,Ross,Coppell,New York,United States,daryl.ross@example.com,59c0711b-4b60-4abb-a829-f8bd573390fe,browngoose166
Norman,Walker,Roseburg,Nebraska,United States,norman.walker@example.com,9dfc769c-507a-4e67-b8ba-8b0748343f2a,heavybird814
Sandra,Castro,Allen,Oregon,United States,sandra.castro@example.com,d2e779ea-d22d-4c69-b492-0d8ecf562e65,happydog369
Lee,Wright,Fayetteville,Pennsylvania,United States,lee.wright@example.com,cc76bd3d-9fc4-44b1-a6d1-8fbbcc88a7db,lazypeacock491
Greg,Gibson,Ironville,Alaska,United States,greg.gibson@example.com,6ef58db3-b3c0-4456-9548-8f0b50324871,bluelion582
Fernando,Ortiz,Davenport,North Carolina,United States,fernando.ortiz@example.com,93eaa552-4682-4bfd-8e6f-f16cec3b9f27,ticklishbutterfly102
Mia,Terry,Visalia,California,United States,mia.terry@example.com,710648eb-79a3-48c9-9f1b-e176bd69f8c6,organicduck851
Carlos,Griffin,Tacoma,New York,United States,carlos.griffin@example.com,e33c70ee-fe05-447a-92b1-567d5447ffa5,bigcat228
Anna,Butler,Simi Valley,Virginia,United States,anna.butler@example.com,125e61c0-7052-4b4e-a151-f02547bc4b13,greenbear652
Gerald,Moore,Colorado Springs,South Carolina,United States,gerald.moore@example.com,708e70a0-b585-4a23-bbe0-0a98ad69ba3f,tinygoose494
Todd,Scott,Clearwater,Idaho,United States,todd.scott@example.com,74d96513-7cbc-4cce-bbc4-26c71a188b7e,purplezebra702
Alicia,Martinez,Moscow,Arizona,United States,alicia.martinez@example.com,573838d3-d9bd-41c7-b8ca-2a8ee511587a,bigelephant252
Brennan,Lane,Hialeah,New Jersey,United States,brennan.lane@example.com,24505b64-bbbf-4e07-b63d-eaf26c9cacb9,ticklishkoala855
Anita,Walters,Celina,Oregon,United States,anita.walters@example.com,62ee5991-6a29-400b-8b29-2dc78eddc593,heavykoala476
Ellen,Clark,San Jose,Florida,United States,ellen.clark@example.com,d19186d7-d66f-4897-a0f8-b5a223099d73,redbear379
Bobby,Wagner,Murrieta,Washington,United States,bobby.wagner@example.com,0d611291-1a20-4a34-8803-c9b95b0ae63d,brownleopard808
Joyce,Horton,Seymour,Vermont,United States,joyce.horton@example.com,35b08a6c-b893-4838-9de6-bab6e1bc95d5,bluemouse515
Roland,King,Chula Vista,Maryland,United States,roland.king@example.com,0ee5c966-bce9-492e-898c-7ef63f152314,smallostrich366
Eugene,Little,Atlanta,California,United States,eugene.little@example.com,cbe106ae-4b5f-4107-b9d2-df6a136c0fc8,smallgoose799
Bryan,Butler,Elko,Texas,United States,bryan.butler@example.com,9f04357e-0fb5-4124-90f7-cbf1f4e38558,blueelephant426
Carlos,Miller,Wilmington,Arizona,United States,carlos.miller@example.com,02bdabba-e49b-47e1-a3b1-2803d74c2b81,blackswan802
Michele,Gray,Port St. Lucie,Arizona,United States,michele.gray@example.com,f97f79d7-4cb4-4432-8edc-d94515944980,yellowbear274
Marion,Brown,Vernon,Pennsylvania,United States,marion.brown@example.com,6ef89775-1d4b-4089-9fc6-9d5375bfbeeb,greenpeacock985
Rachel,Beck,Duncanville,Virginia,United States,rachel.beck@example.com,f2ebe3cd-cbc1-471b-a8df-bf549f2a826c,tinywolf838